{
  "stats": {
    "R@1": 0.17391304347826086,
    "R@5": 0.45652173913043476,
    "R@10": 0.5217391304347826,
    "mAP": 0.09933480972636355,
    "MedR": 9.5,
    "MeanR": 280.5217391304348,
    "N": 46,
    "not_found_rate": 0.021739130434782608
  },
  "stats_ci": {
    "R@1_CI": [
      0.17346739130434782,
      0.06521739130434782,
      0.2826086956521739
    ],
    "R@5_CI": [
      0.4558478260869565,
      0.30434782608695654,
      0.6086956521739131
    ],
    "mAP_CI": [
      0.09922805126106785,
      0.06999436278579498,
      0.1307544458312994
    ]
  }
}