{
  "t2i": {
    "R1": 0.9782608695652174,
    "R5": 1.0,
    "R10": 1.0,
    "MedR": 1.0,
    "MeanR": 1.02173912525177,
    "mAP": 0.9891304347826086,
    "N": 46
  },
  "i2t": {
    "R1": 0.9782608695652174,
    "R5": 1.0,
    "R10": 1.0,
    "MedR": 1.0,
    "MeanR": 1.02173912525177,
    "mAP": 0.9891304347826086,
    "N": 46
  }
}