N_rows,LLM_calls,TotalSeconds,MeanSecPerCall,QPS,ErrorRate,EmptyAnswerRate,BLEU4_mean,BLEU4_CI_low,BLEU4_CI_high,TokenF1_mean,TokenF1_CI_low,TokenF1_CI_high
138,138,367.54983799999997,2.6634046231884057,0.37545928669406736,0.0,0.0,0.010011572060993273,0.009485682798208968,0.010532272456051076,0.013964506776144725,0.01058001265102922,0.01815104068670202
